Topic,Total_Sum_Sentiment,Avg_Sentiment
obama,-535.2246327871192,-0.009353803439131758
economy,-1691.0360567501261,-0.02492095108391485
microsoft,-270.71616787125674,-0.006192610665917668
palestine,-570.9975243940473,-0.03228528352335448
